{
  "15min": 1.5585425367949974,
  "30min": 1.601927257644902,
  "45min": 1.732534670217486,
  "60min": 1.6772985038762291,
  "75min": 1.8583063135817939,
  "90min": 1.9045267064962852,
  "105min": 1.9619896019011005,
  "120min": 1.9234198199756658,
  "135min": 2.0328956889541265
}